<?xml version="1.0" encoding="UTF-8"?>
<project-private xmlns="http://www.netbeans.org/ns/project-private/1">
    <editor-bookmarks xmlns="http://www.netbeans.org/ns/editor-bookmarks/2" lastBookmarkId="0"/>
    <open-files xmlns="http://www.netbeans.org/ns/projectui-open-files/2">
        <group>
            <file>file:/E:/Code/term6/distributed_systems/NewVersion/FTPStorage/src/ftpstorage/views/PanelFilesStatus.java</file>
            <file>file:/E:/Code/term6/distributed_systems/NewVersion/FTPStorage/src/ftpstorage/client/data/FileSession.java</file>
            <file>file:/E:/Code/term6/distributed_systems/NewVersion/FTPStorage/src/ftpstorage/client/IClient.java</file>
            <file>file:/E:/Code/term6/distributed_systems/NewVersion/FTPStorage/src/ftpstorage/views/FileStatus.java</file>
            <file>file:/E:/Code/term6/distributed_systems/NewVersion/FTPStorage/src/ftpstorage/client/data/DataConnection.java</file>
            <file>file:/E:/Code/term6/distributed_systems/NewVersion/FTPStorage/src/ftpstorage/views/MainFrameClient.java</file>
            <file>file:/E:/Code/term6/distributed_systems/NewVersion/FTPStorage/src/ftpstorage/client/Client.java</file>
            <file>file:/E:/Code/term6/distributed_systems/NewVersion/FTPStorage/src/ftpstorage/client/data/Piece.java</file>
        </group>
    </open-files>
</project-private>
