<?xml version="1.0" encoding="UTF-8"?>
<project-private xmlns="http://www.netbeans.org/ns/project-private/1">
    <editor-bookmarks xmlns="http://www.netbeans.org/ns/editor-bookmarks/2" lastBookmarkId="2">
        <file>
            <url>src/ftpstorageserver/server/Session.java</url>
            <bookmark id="2">
                <name/>
                <line>344</line>
                <key/>
            </bookmark>
            <bookmark id="1">
                <name/>
                <line>640</line>
                <key/>
            </bookmark>
        </file>
    </editor-bookmarks>
    <open-files xmlns="http://www.netbeans.org/ns/projectui-open-files/2">
        <group>
            <file>file:/E:/Code/term6/distributed_systems/NewVersion/FTPStorageServer/src/ftpstorageserver/server/data/DataConnection.java</file>
            <file>file:/E:/Code/term6/distributed_systems/NewVersion/FTPStorageServer/src/ftpstorageserver/server/data/FileSession.java</file>
            <file>file:/E:/Code/term6/distributed_systems/NewVersion/FTPStorageServer/src/ftpstorageserver/server/Session.java</file>
            <file>file:/E:/Code/term6/distributed_systems/NewVersion/FTPStorageServer/src/ftpstorageserver/server/data/Piece.java</file>
        </group>
    </open-files>
</project-private>
